id  ,passengers ,departure_location ,departure_date                   ,arrival_location
13  ,1          ,Departure location ,2022-01-25 06:19:34.647424+00:00 ,Arrival location
33  ,3          ,Departure location ,2022-01-25 06:19:35.027263+00:00 ,Arrival location
71  ,1          ,Departure location ,2022-01-25 06:19:35.543468+00:00 ,Arrival location
106 ,2          ,Departure location ,2022-01-25 06:19:36.258588+00:00 ,Arrival location
121 ,1          ,Departure location ,2022-01-25 06:19:36.476934+00:00 ,Arrival location
1   ,4          ,Departure location ,2022-01-25 07:19:34.491979+00:00 ,Arrival location
49  ,5          ,Departure location ,2022-01-25 07:19:35.285102+00:00 ,Arrival location
62  ,1          ,Departure location ,2022-01-25 07:19:35.434072+00:00 ,Arrival location
118 ,2          ,Departure location ,2022-01-25 07:19:36.427629+00:00 ,Arrival location
5   ,1          ,Departure location ,2022-01-25 08:19:34.561412+00:00 ,Arrival location
14  ,3          ,Departure location ,2022-01-25 08:19:34.657278+00:00 ,Arrival location
17  ,6          ,Departure location ,2022-01-25 08:19:34.751106+00:00 ,Arrival location
46  ,4          ,Departure location ,2022-01-25 08:19:35.241892+00:00 ,Arrival location
48  ,3          ,Departure location ,2022-01-25 08:19:35.271959+00:00 ,Arrival location
69  ,1          ,Departure location ,2022-01-25 08:19:35.510962+00:00 ,Arrival location
70  ,2          ,Departure location ,2022-01-25 08:19:35.525751+00:00 ,Arrival location
76  ,6          ,Departure location ,2022-01-25 08:19:35.649566+00:00 ,Arrival location
78  ,3          ,Departure location ,2022-01-25 08:19:35.689611+00:00 ,Arrival location
110 ,1          ,Departure location ,2022-01-25 08:19:36.310579+00:00 ,Arrival location
114 ,1          ,Departure location ,2022-01-25 08:19:36.370637+00:00 ,Arrival location
116 ,5          ,Departure location ,2022-01-25 08:19:36.398563+00:00 ,Arrival location
11  ,1          ,Departure location ,2022-01-25 09:19:34.624965+00:00 ,Arrival location
28  ,5          ,Departure location ,2022-01-25 09:19:34.947454+00:00 ,Arrival location
81  ,4          ,Departure location ,2022-01-25 09:19:35.756528+00:00 ,Arrival location
115 ,2          ,Departure location ,2022-01-25 09:19:36.384348+00:00 ,Arrival location
35  ,2          ,Departure location ,2022-01-25 10:19:35.060249+00:00 ,Arrival location
54  ,6          ,Departure location ,2022-01-25 10:19:35.342418+00:00 ,Arrival location
89  ,1          ,Departure location ,2022-01-25 10:19:35.989600+00:00 ,Arrival location
108 ,3          ,Departure location ,2022-01-25 10:19:36.288437+00:00 ,Arrival location
113 ,4          ,Departure location ,2022-01-25 10:19:36.356487+00:00 ,Arrival location
16  ,5          ,Departure location ,2022-01-25 11:19:34.725463+00:00 ,Arrival location
44  ,5          ,Departure location ,2022-01-25 11:19:35.211998+00:00 ,Arrival location
53  ,2          ,Departure location ,2022-01-25 11:19:35.328553+00:00 ,Arrival location
74  ,1          ,Departure location ,2022-01-25 11:19:35.607301+00:00 ,Arrival location
105 ,1          ,Departure location ,2022-01-25 11:19:36.241416+00:00 ,Arrival location
10  ,1          ,Departure location ,2022-01-25 12:19:34.615864+00:00 ,Arrival location
34  ,2          ,Departure location ,2022-01-25 12:19:35.045056+00:00 ,Arrival location
45  ,1          ,Departure location ,2022-01-25 12:19:35.225910+00:00 ,Arrival location
60  ,2          ,Departure location ,2022-01-25 12:19:35.412533+00:00 ,Arrival location
72  ,3          ,Departure location ,2022-01-25 12:19:35.561170+00:00 ,Arrival location
77  ,2          ,Departure location ,2022-01-25 12:19:35.671988+00:00 ,Arrival location
19  ,1          ,Departure location ,2022-01-25 13:19:34.797923+00:00 ,Arrival location
21  ,2          ,Departure location ,2022-01-25 13:19:34.826053+00:00 ,Arrival location
23  ,7          ,Departure location ,2022-01-25 13:19:34.856967+00:00 ,Arrival location
30  ,4          ,Departure location ,2022-01-25 13:19:34.978307+00:00 ,Arrival location
55  ,5          ,Departure location ,2022-01-25 13:19:35.352854+00:00 ,Arrival location
67  ,2          ,Departure location ,2022-01-25 13:19:35.491323+00:00 ,Arrival location
98  ,1          ,Departure location ,2022-01-25 13:19:36.141486+00:00 ,Arrival location
38  ,5          ,Departure location ,2022-01-25 15:19:35.111137+00:00 ,Arrival location
92  ,1          ,Departure location ,2022-01-25 15:19:36.041676+00:00 ,Arrival location
20  ,4          ,Departure location ,2022-01-25 16:19:34.812151+00:00 ,Arrival location
29  ,4          ,Departure location ,2022-01-25 16:19:34.961387+00:00 ,Arrival location
43  ,1          ,Departure location ,2022-01-25 16:19:35.195336+00:00 ,Arrival location
47  ,4          ,Departure location ,2022-01-25 16:19:35.257195+00:00 ,Arrival location
84  ,1          ,Departure location ,2022-01-25 16:19:35.842535+00:00 ,Arrival location
101 ,2          ,Departure location ,2022-01-25 16:19:36.187202+00:00 ,Arrival location
103 ,5          ,Departure location ,2022-01-25 16:19:36.212716+00:00 ,Arrival location
107 ,5          ,Departure location ,2022-01-25 16:19:36.273851+00:00 ,Arrival location
50  ,4          ,Departure location ,2022-01-25 17:19:35.294989+00:00 ,Arrival location
58  ,4          ,Departure location ,2022-01-25 17:19:35.390481+00:00 ,Arrival location
75  ,2          ,Departure location ,2022-01-25 17:19:35.625762+00:00 ,Arrival location
86  ,4          ,Departure location ,2022-01-25 17:19:35.933704+00:00 ,Arrival location
95  ,1          ,Departure location ,2022-01-25 17:19:36.092897+00:00 ,Arrival location
109 ,1          ,Departure location ,2022-01-25 17:19:36.297916+00:00 ,Arrival location
22  ,1          ,Departure location ,2022-01-25 18:19:34.841886+00:00 ,Arrival location
25  ,5          ,Departure location ,2022-01-25 18:19:34.889525+00:00 ,Arrival location
63  ,1          ,Departure location ,2022-01-25 18:19:35.443207+00:00 ,Arrival location
73  ,2          ,Departure location ,2022-01-25 18:19:35.587899+00:00 ,Arrival location
82  ,2          ,Departure location ,2022-01-25 18:19:35.790957+00:00 ,Arrival location
8   ,3          ,Departure location ,2022-01-25 19:19:34.595068+00:00 ,Arrival location
15  ,1          ,Departure location ,2022-01-25 19:19:34.703213+00:00 ,Arrival location
39  ,1          ,Departure location ,2022-01-25 19:19:35.125352+00:00 ,Arrival location
61  ,2          ,Departure location ,2022-01-25 19:19:35.423369+00:00 ,Arrival location
2   ,1          ,Departure location ,2022-01-25 20:19:34.527729+00:00 ,Arrival location
9   ,1          ,Departure location ,2022-01-25 20:19:34.606199+00:00 ,Arrival location
59  ,2          ,Departure location ,2022-01-25 20:19:35.401751+00:00 ,Arrival location
97  ,1          ,Departure location ,2022-01-25 20:19:36.126790+00:00 ,Arrival location
100 ,1          ,Departure location ,2022-01-25 20:19:36.173470+00:00 ,Arrival location
112 ,1          ,Departure location ,2022-01-25 20:19:36.340989+00:00 ,Arrival location
3   ,1          ,Departure location ,2022-01-25 21:19:34.540453+00:00 ,Arrival location
4   ,1          ,Departure location ,2022-01-25 21:19:34.551256+00:00 ,Arrival location
37  ,4          ,Departure location ,2022-01-25 21:19:35.093723+00:00 ,Arrival location
79  ,3          ,Departure location ,2022-01-25 21:19:35.710967+00:00 ,Arrival location
83  ,3          ,Departure location ,2022-01-25 21:19:35.822350+00:00 ,Arrival location
91  ,7          ,Departure location ,2022-01-25 21:19:36.024486+00:00 ,Arrival location
120 ,2          ,Departure location ,2022-01-25 21:19:36.462500+00:00 ,Arrival location
27  ,4          ,Departure location ,2022-01-25 22:19:34.929010+00:00 ,Arrival location
88  ,2          ,Departure location ,2022-01-25 22:19:35.970282+00:00 ,Arrival location
117 ,1          ,Departure location ,2022-01-25 22:19:36.411311+00:00 ,Arrival location
7   ,3          ,Departure location ,2022-01-25 23:19:34.586950+00:00 ,Arrival location
40  ,1          ,Departure location ,2022-01-25 23:19:35.144597+00:00 ,Arrival location
41  ,3          ,Departure location ,2022-01-25 23:19:35.161003+00:00 ,Arrival location
65  ,5          ,Departure location ,2022-01-25 23:19:35.470259+00:00 ,Arrival location
85  ,5          ,Departure location ,2022-01-25 23:19:35.877177+00:00 ,Arrival location
87  ,4          ,Departure location ,2022-01-25 23:19:35.953011+00:00 ,Arrival location
119 ,1          ,Departure location ,2022-01-25 23:19:36.446909+00:00 ,Arrival location
6   ,1          ,Departure location ,2022-01-26 00:19:34.575069+00:00 ,Arrival location
24  ,3          ,Departure location ,2022-01-26 00:19:34.872855+00:00 ,Arrival location
32  ,2          ,Departure location ,2022-01-26 00:19:35.012166+00:00 ,Arrival location
51  ,5          ,Departure location ,2022-01-26 00:19:35.306663+00:00 ,Arrival location
52  ,4          ,Departure location ,2022-01-26 00:19:35.319621+00:00 ,Arrival location
68  ,1          ,Departure location ,2022-01-26 00:19:35.502511+00:00 ,Arrival location
93  ,4          ,Departure location ,2022-01-26 00:19:36.057583+00:00 ,Arrival location
94  ,2          ,Departure location ,2022-01-26 00:19:36.074456+00:00 ,Arrival location
111 ,5          ,Departure location ,2022-01-26 00:19:36.326256+00:00 ,Arrival location
